timestamp_sec,rms,zcr,spectral_centroid,spectral_bandwidth,spectral_rolloff,energy_entropy,mfcc_1,mfcc_2,mfcc_3,mfcc_4,mfcc_5,mfcc_6,mfcc_7,mfcc_8,mfcc_9,mfcc_10,mfcc_11,mfcc_12,mfcc_13,file,label
0.0,0.00089802546,0.0603515625,2411.884146862524,2670.9209129757446,6001.3037109375,9.8461275,-558.76697,96.32037,3.96429,31.77663,1.9003136,21.949783,-12.034482,16.82631,-16.201996,12.679817,-5.6673822,11.342516,-7.2922616,casahogar.wav,S
0.1,0.0011473369,0.03583984375,1756.0421639112894,2266.425857077252,4018.095703125,10.20425,-556.4567,116.8998,0.0547493,36.826534,5.0539956,17.52547,-11.603038,13.794764,-2.2415185,13.306445,2.5217426,12.649851,-2.7211154,casahogar.wav,V
0.2,0.0012850976,0.08017578125,3191.137181961846,2660.616759455705,6711.8994140625,9.724001,-476.48203,67.71193,-18.397509,34.79635,0.6870077,31.601654,-16.785275,28.494955,-7.7530336,19.718384,-9.999357,11.401793,-5.5191984,casahogar.wav,U
0.3,0.002288526,0.05146484375,2120.047689868434,2338.719231347496,4997.8564453125,8.746212,-460.91156,114.10789,-9.037843,28.658009,-22.494623,35.79415,-14.748629,7.7042313,-14.072635,21.82107,-4.0094976,10.596066,-5.9579115,casahogar.wav,U
0.4,0.0013336515,0.08212890625,2604.9274655012714,2774.4210822917003,6457.8076171875,9.792891,-506.2964,97.57876,14.141619,30.10409,-14.327917,18.034307,-23.497377,19.259094,-15.899915,19.087088,-10.971713,14.301546,-7.189504,casahogar.wav,U
0.5,0.0012233763,0.05234375,2007.4652707071295,2410.9664585204146,4890.1904296875,10.214392,-525.6864,111.24129,-2.6988492,36.26354,1.7549073,22.044445,-12.260242,21.70477,-12.055788,12.082655,-11.274468,8.629342,-0.23519745,casahogar.wav,U
0.6000000000000001,0.0012575329,0.02421875,1612.3687427893483,2390.3138085410733,4323.8671875,10.173279,-587.8872,116.81339,28.743704,38.631958,-0.9644731,18.25123,-7.7218065,17.495,-1.8523897,6.380342,1.2914171,7.8537383,0.3440961,casahogar.wav,V
0.7000000000000001,0.0016481022,0.03115234375,1221.4895744877526,2044.2288139814384,2726.103515625,9.895044,-586.8405,132.5806,21.722439,40.826454,3.4499097,18.907154,-8.423289,13.808843,-2.044634,19.125242,-1.6256378,8.465068,0.16433549,casahogar.wav,V
0.8,0.0009020731,0.03984375,1778.00658167672,2339.024546441221,4549.9658203125,10.147415,-593.25195,116.72693,12.420336,40.07058,-4.507502,14.164784,-11.011363,18.19732,-16.065649,7.582965,-3.455656,17.126743,0.86430895,casahogar.wav,S
0.9,0.13172512,0.0490234375,1373.3572343965343,1316.526435680716,2325.5859375,9.46005,-155.67035,169.65366,-61.570496,7.7610903,9.51196,-8.56134,-33.77378,-6.498113,-5.020249,13.384265,-19.81857,9.00368,-0.4842781,casahogar.wav,V
1.0,0.15903023,0.02998046875,1380.8469747332551,1539.8653467686568,2764.86328125,9.704979,-161.37169,152.82472,-40.9133,8.328205,-0.029600907,4.3448973,-41.667175,1.8558502,-13.478476,10.013847,-1.2534716,6.6769285,-3.8258622,casahogar.wav,V
1.1,0.019971479,0.371484375,5208.789030633622,2273.1392705124917,7388.0419921875,9.942978,-256.06244,2.9551187,12.7318325,35.526955,-36.690968,46.924217,-37.00313,27.107843,-16.843256,23.402456,-8.210913,13.705539,-8.870007,casahogar.wav,U
1.2000000000000002,0.12708345,0.05,1111.8988425114878,1357.7913102399984,1742.0361328125,9.91994,-181.63533,169.77829,-31.9902,-3.8151906,-13.917723,2.9917057,-30.236856,-12.256247,-19.899883,4.4501405,4.8618484,1.1539263,-9.62002,casahogar.wav,V
1.3,0.05085195,0.04990234375,1293.4323663644395,1410.876784085309,2131.787109375,8.494348,-254.51868,175.35419,-45.269775,8.903467,3.8751514,-10.396856,-13.859465,-8.790449,0.33197108,23.216154,2.5870724,-2.8737667,-3.5725276,casahogar.wav,V
1.4,0.0011491601,0.04033203125,1280.2787986828985,1718.895498041736,2586.1376953125,9.930052,-572.254,153.87788,-11.324156,26.63744,-2.3165135,11.7025585,-6.541701,-1.6634791,-4.897954,16.573792,9.379911,1.1346077,-4.521605,casahogar.wav,V
1.5,0.0024053366,0.08681640625,2466.863062241296,2283.51901739252,5012.9296875,8.373295,-523.8594,82.27458,1.2732308,58.183388,12.691656,9.051527,-22.806229,21.725574,-18.805721,15.530833,-4.8891354,9.814525,-0.3020871,casahogar.wav,U
1.6,0.057218917,0.05009765625,1488.4095129343962,1959.814003632532,3460.3857421875,9.922377,-289.99313,111.28383,2.4647782,71.458115,19.748674,-8.954611,-19.58215,2.8777344,-30.621515,1.9666733,-30.516424,-5.5577517,-0.64443433,casahogar.wav,V
1.7000000000000002,0.046863843,0.17890625,3519.92617015114,2354.1660581246424,5727.83203125,9.801911,-267.8593,40.87687,45.206585,51.412056,2.2696228,33.814087,-33.04851,10.5135975,-11.818905,-5.920774,-20.410864,-0.17908387,-9.636995,casahogar.wav,U
1.8,0.03646808,0.16015625,3083.3990726498105,2059.423867430971,5038.76953125,9.10574,-229.48836,90.32893,10.748919,15.434061,-18.493313,20.085402,-35.777588,-1.9579496,-20.858746,9.823882,0.58077127,5.4889436,-10.877865,casahogar.wav,U
1.9,0.06735959,0.02822265625,994.7960136452028,1477.511716632363,1683.896484375,10.088621,-233.97945,171.12221,-6.8840003,16.586014,-3.9888263,-1.6103379,-8.962397,-9.834569,-22.028118,-1.0398569,8.80931,2.3906834,-13.44707,casahogar.wav,V
2.0,0.053808738,0.0208984375,800.4350915953892,1265.3807485128125,1382.431640625,9.752587,-323.3563,190.60486,1.4215122,19.329395,19.63538,-4.381135,0.6429531,1.7925789,-30.668583,-13.456213,-6.7798715,-2.0737438,-1.1476138,casahogar.wav,V
2.1,0.019334162,0.03232421875,1363.7314596139938,1770.3228590546337,2433.251953125,8.076165,-377.716,147.55727,-17.171146,32.999573,25.08728,1.8851483,-12.950346,-3.2467694,-13.135882,1.0106151,-19.50882,9.5813,-9.643848,casahogar.wav,V
2.2,0.048210077,0.0134765625,915.876748824244,1642.000145687193,2127.48046875,9.906265,-352.93295,129.94144,19.39584,80.40552,24.513605,-7.454915,5.262655,10.562677,-20.239647,-1.6306436,-20.290113,-0.34810963,-5.4082346,casahogar.wav,V
2.3000000000000003,0.060120147,0.02373046875,1265.9664616009354,1855.406240288547,2810.0830078125,9.93111,-266.9257,127.271095,2.6116357,58.590088,2.910891,-9.620923,-18.97714,9.3588,-17.992056,0.60897505,-9.499294,0.3547793,0.40180284,casahogar.wav,V
2.4000000000000004,0.069692254,0.027734375,1020.5083033845442,1524.7270618200043,1580.537109375,9.95666,-243.52988,177.748,0.10984383,-5.266079,-6.6762514,-2.4356446,-3.033258,-1.3967836,-14.724138,-3.0844111,5.308176,7.0088663,-1.6173643,casahogar.wav,V
2.5,0.06671281,0.0146484375,1074.9211888468158,1786.5705238421313,1888.4619140625,10.114315,-256.8549,155.39688,8.439954,16.171833,5.4939003,-4.708621,-17.144493,0.6736682,-1.9238217,-2.8157105,-0.28204957,-1.9945982,-4.094411,casahogar.wav,V
2.6,0.05105306,0.03173828125,986.3080101637244,1449.0370269858824,1440.5712890625,9.256147,-324.7351,182.59056,16.376827,14.054161,-15.298863,-23.950874,-21.796148,1.8672835,0.3662154,4.8141184,0.60494006,1.2139599,0.8073963,casahogar.wav,V
2.7,0.001322226,0.0232421875,1034.235118365625,1799.9642841800955,1884.1552734375,10.16807,-611.974,150.86331,28.369736,38.669716,-5.5180044,-0.7073616,-2.121797,6.9507475,-1.788558,14.165033,4.133911,4.1690545,-0.72565675,casahogar.wav,V
2.8000000000000003,0.012341044,0.0228515625,1103.722059432615,1816.2275483771048,2011.201171875,7.792295,-490.82047,149.16118,34.817894,29.023397,-3.0573146,-15.894925,-5.1820993,3.2197068,-6.035,2.2033117,7.4096565,-2.057645,-5.040109,casahogar.wav,V
2.9000000000000004,0.07733602,0.0244140625,855.0001760161291,1405.5547753628607,1121.8798828125,10.147675,-280.62268,181.05351,33.280926,17.773054,-18.12472,-28.823215,-12.854073,1.1558943,-9.177577,-8.159252,-4.039022,-6.0529337,-8.77923,casahogar.wav,V
3.0,0.08568264,0.025390625,992.2389273379353,1328.6585464706247,1546.083984375,9.977939,-231.29228,183.9903,-24.674118,14.491655,-17.621258,0.8046994,-5.1650867,-7.4949045,-29.98468,-6.9839907,1.5385983,14.01241,4.581399,casahogar.wav,V
3.1,0.08729067,0.041015625,1120.3645341893096,1191.8098759940087,1701.123046875,9.792179,-189.40416,187.47427,-53.308575,4.008409,-18.514532,14.851221,-31.196035,-5.7842712,-7.0687904,23.091637,6.211074,16.153563,-7.912805,casahogar.wav,V
3.2,0.030616904,0.0443359375,1212.4660928036224,1520.0240595323908,2157.626953125,9.256199,-259.18765,166.11569,-35.74476,18.917423,1.9606631,18.412523,-5.6273084,6.17263,-7.4720902,20.028605,13.7775755,12.070662,-4.1496134,casahogar.wav,V
3.3000000000000003,0.07313548,0.0123046875,469.65105156003057,945.0113517286528,921.62109375,9.29816,-347.1468,204.0354,-8.051134,24.43782,30.42627,30.00083,27.61912,7.608551,1.7853138,10.994326,13.190086,6.749879,3.9416173,casahogar.wav,V
3.4000000000000004,0.011629598,0.005859375,757.869216710386,1680.700761038412,1154.1796875,10.30754,-510.35864,139.25455,42.48609,45.21534,21.94685,18.30719,17.563868,21.360575,9.362493,14.475278,9.20868,6.746634,-1.6295135,casahogar.wav,V
3.5,0.006697113,0.00634765625,598.3063060074886,1556.9804021910602,695.5224609375,9.974117,-597.00256,141.15837,44.354042,43.821136,16.49378,18.600584,12.975687,21.62096,3.4640534,12.241134,9.068201,8.20958,5.1222925,casahogar.wav,V
3.6,0.0020117625,0.017578125,1112.645320907989,1937.9898236265767,2506.46484375,9.266632,-592.6165,136.16336,27.164743,50.292595,0.5237719,9.025244,-9.477597,21.407497,-2.025224,9.81971,0.8037772,9.974844,3.86596,casahogar.wav,V
3.7,0.0015912445,0.03388671875,1978.0207838887,2426.196062755761,4816.9775390625,9.21261,-521.4269,115.05066,2.9083724,38.615295,-2.2294552,21.714249,-18.998266,8.94559,-2.947347,14.009155,-9.053816,13.249883,-4.507681,casahogar.wav,V
3.8,0.0011353185,0.0271484375,1667.0458306590665,2380.456738170581,4123.6083984375,9.126351,-579.5198,117.99467,21.79298,40.84858,7.1681414,17.899897,-8.064127,7.5020447,-2.862173,10.431137,-1.966444,0.60183716,-3.9515743,casahogar.wav,V
3.9,0.0013773678,0.017578125,1305.484095793927,2133.8047072577688,3003.8818359375,9.504364,-590.9624,129.3815,25.921326,40.955334,1.8236557,15.426356,-1.1902349,10.357872,3.913332,6.1451173,3.2478352,9.024165,-1.2594995,casahogar.wav,V
4.0,0.0013895144,0.0134765625,1158.9551688629151,2098.794651829033,2484.931640625,9.866016,-616.42,129.81595,35.367493,41.4721,5.9190865,17.402752,2.4273593,12.513307,1.8923153,8.679384,4.0250025,9.492691,-3.8852158,casahogar.wav,V
4.1000000000000005,0.0010225034,0.012890625,1296.6468846385176,2167.6907521283924,2902.67578125,9.976355,-627.4619,130.54123,30.198193,37.546696,3.502938,15.932538,4.6992464,9.426129,3.0962212,6.7218256,-0.7885643,4.517204,-2.4482415,casahogar.wav,V
4.2,0.0007770845,0.0173828125,1124.0522266577382,1952.4794739073704,2433.251953125,10.173975,-661.2638,139.25174,30.309052,43.981495,-0.8348543,14.86436,-1.6619278,12.161479,-4.8983927,8.777557,-1.5779946,1.8816116,-6.3855085,casahogar.wav,S
4.3,0.0009841298,0.0265625,1149.076001689929,1919.466433871977,2588.291015625,10.09946,-638.245,138.38873,19.113773,42.85105,7.9546976,11.958348,1.6042225,15.107028,-2.4534562,7.5342803,5.2577996,3.2926857,-2.7468505,casahogar.wav,S
4.4,0.0012397972,0.00830078125,1033.9086785031325,1970.0244873603056,2043.5009765625,10.173619,-645.15515,135.83333,33.67318,39.1273,3.8734589,13.321164,5.343061,14.264356,4.093417,9.850497,2.338322,5.9405456,-2.1143014,casahogar.wav,V
4.5,0.0011355755,0.01552734375,1156.461346986129,2050.322603878966,2594.7509765625,10.350419,-643.53156,133.3518,29.877956,39.481236,-0.22722283,18.154613,6.3110785,9.890933,2.452565,11.629696,1.5819046,10.688921,3.506124,casahogar.wav,V
4.6000000000000005,0.0006988059,0.03388671875,1217.615900477129,1912.2873919121496,2915.595703125,9.786894,-641.3102,141.83109,19.819616,45.579113,-12.040178,7.4138937,4.4503236,15.126303,-6.689351,8.07675,2.1397524,-2.1953597,-7.4099364,casahogar.wav,S
0.0,0.0012155231,0.0294921875,1815.818868695093,2629.572797555533,5127.0556640625,10.045767,-599.8252,105.59192,36.45719,36.99031,5.3219404,27.508764,-6.9561567,12.888629,-7.9597282,9.615554,-0.60081416,13.213971,-4.2443438,escuela.wav,V
0.1,0.001691406,0.0099609375,1229.2922219136267,2206.8464672837144,2680.8837890625,10.358259,-603.0924,126.78188,31.896526,33.117744,10.009012,22.741282,3.1645942,17.516947,-1.8497684,8.414823,-0.9701945,7.273449,0.037692785,escuela.wav,V
0.2,0.0018815987,0.035546875,2626.4735053932445,2760.7771119008125,6261.85546875,9.9487705,-505.3321,92.58316,17.140755,31.47882,-9.890144,34.56966,-19.842743,19.093182,-15.375666,19.426937,-6.9288306,13.571925,1.0808971,escuela.wav,V
0.3,0.0019380797,0.02451171875,1581.5265133460402,2428.425885810984,4364.7802734375,10.264694,-564.2728,115.43123,24.492306,34.9432,7.0079184,26.805676,-15.5505905,17.21567,-5.834539,19.591328,-2.873639,12.693705,1.852375,escuela.wav,V
0.4,0.001869813,0.02265625,1591.370263999031,2143.290849226546,3481.9189453125,9.636618,-526.1097,120.85696,-0.7983931,45.606117,19.033373,20.201784,-14.261668,9.414274,-9.801184,25.965118,3.863559,7.819342,-5.853079,escuela.wav,V
0.5,0.0014684148,0.017578125,1945.9003147116248,2167.6326600455723,3957.802734375,10.06375,-577.15784,106.70662,3.382728,54.566254,4.255691,31.662003,-14.115207,12.665845,-2.0301063,16.279404,3.5125966,2.9063501,7.4547243,escuela.wav,V
0.6000000000000001,0.0014869437,0.0150390625,941.3988961115722,1813.8705900650411,1742.0361328125,10.255332,-637.8895,144.99297,28.344532,41.129433,11.795435,12.929304,-6.9723473,24.25785,-2.8448997,11.661084,8.241158,14.981961,2.335937,escuela.wav,V
0.7000000000000001,0.120849036,0.0314453125,1598.205943502007,1835.1602957436776,3257.9736328125,10.057232,-177.85632,120.765274,-24.838198,68.23433,6.044075,-33.43663,-27.386362,6.9976525,-43.231712,7.949692,-35.11169,-1.1088359,5.252809,escuela.wav,V
0.8,0.10574536,0.04306640625,1358.9655551739972,1781.192366679384,3227.8271484375,9.904259,-204.63802,127.745285,-11.279445,63.638683,11.244984,-11.319181,-5.668801,-12.98757,-32.26287,21.89733,-10.846529,-19.98223,5.5202475,escuela.wav,V
0.9,0.10816674,0.0353515625,1281.6328037767523,1527.1183866103993,2461.2451171875,9.962077,-164.97849,161.97002,-39.727783,19.30067,4.4887333,0.8872692,-5.494533,-0.8922771,-27.40247,15.571956,-1.6224747,-8.997118,-0.5323407,escuela.wav,V
1.0,0.090608105,0.037109375,1187.386907559801,1450.0704701684626,2282.51953125,9.978231,-196.54477,166.23547,-41.329113,28.779541,9.914161,6.310611,-7.2377152,9.799047,-34.34802,13.595785,-5.2003384,-3.7271392,2.366502,escuela.wav,V
1.1,0.07247501,0.023046875,913.752332067303,1457.1058326696482,2200.693359375,10.031757,-284.25256,157.0845,-1.5526693,64.28287,8.433815,2.2575626,-6.719892,-1.6188128,-22.776066,13.16138,-6.2979956,-12.191043,8.785239,escuela.wav,V
1.2000000000000002,0.08158402,0.03740234375,1588.6646644905477,1689.2411158232142,3118.0078125,10.108541,-191.699,131.10062,-36.427437,61.677086,14.080484,-20.779123,-17.928741,6.1107593,-28.34505,21.19872,-16.2341,-4.3977914,6.9311523,escuela.wav,V
1.3,0.07972831,0.02939453125,1267.066363344694,1685.2234954472035,2525.8447265625,10.113309,-205.54143,147.4936,-20.837145,25.566679,-2.343637,5.2077203,-14.862501,-6.7588363,-29.566547,18.96539,1.7466345,-2.5741978,-3.851643,escuela.wav,V
1.4,0.07154963,0.01982421875,962.3029282209612,1238.110765650721,1707.5830078125,10.094217,-234.62,189.7381,-33.105995,21.543499,10.928414,6.874343,-21.407867,-1.3497568,-43.17686,3.243341,-0.7874781,-8.523284,13.113359,escuela.wav,V
1.5,0.05462687,0.0166015625,799.861767280019,1140.6694613481518,1515.9375,9.296389,-330.27576,188.50357,-16.439634,29.59353,36.829144,1.6285269,-19.141453,-8.68383,-28.58964,6.410084,-9.643084,1.3961933,2.7556179,escuela.wav,V
1.6,0.053473633,0.02109375,974.964073404592,1352.343957855585,1912.1484375,9.687805,-264.1098,188.9127,-24.436522,28.432877,33.803772,-1.1329685,-25.490002,-0.6034756,-32.34913,11.094312,-6.932889,12.027054,-4.5724897,escuela.wav,V
1.7000000000000002,0.016309725,0.02421875,1186.9843063581225,1910.6573589504587,2103.7939453125,5.1702423,-372.3745,149.83858,10.475804,15.818532,9.115521,4.5708313,-6.843824,4.6599646,-2.4431753,-0.16558513,-0.04660387,5.476756,-0.6824981,escuela.wav,V
1.8,0.14430372,0.040234375,1115.4568134796878,1202.4637873190566,1535.3173828125,9.894749,-151.67686,191.6374,-44.263756,-19.230003,-4.913377,-8.08026,-7.4333014,-10.167486,-23.23934,11.0158615,3.226729,17.481716,1.1534365,escuela.wav,V
1.9,0.09900953,0.02998046875,1068.0431275244682,1482.415938182811,1584.84375,10.078653,-203.75424,172.08086,-10.210766,5.7900352,-7.667193,-5.9258657,3.341558,-8.275695,-48.393173,-3.562141,-0.98879564,-3.2558684,-3.9345124,escuela.wav,V
2.0,0.029462006,0.02724609375,881.5875823992901,1477.0584504760334,1078.8134765625,8.611353,-411.2841,167.10565,41.815624,8.977963,-15.15298,-9.062213,-2.1468341,4.0580006,-18.525896,-8.845297,-8.505014,-4.1313214,3.46036,escuela.wav,V
2.1,0.031876817,0.01884765625,1472.8713357115769,2243.480997008746,3438.8525390625,9.570788,-394.4476,101.53697,26.75744,79.620285,24.866814,1.769228,-3.4225757,21.48808,-30.902317,10.749772,-24.335999,9.952707,-7.9602838,escuela.wav,V
2.2,0.026692789,0.23837890625,3770.503136369431,2710.321579267009,6914.3115234375,9.354355,-257.65894,42.433937,37.13906,63.01825,-12.097363,44.296844,-29.886225,23.83154,-15.787466,13.975908,-5.8826385,9.621229,-16.094833,escuela.wav,U
2.3000000000000003,0.083668604,0.0302734375,983.7223265260308,1349.8615502754717,1546.083984375,10.08812,-216.29147,175.0885,-16.39433,24.08667,-8.484695,10.082198,-12.555333,-9.427689,-35.082085,4.271527,12.079252,21.726633,-8.337508,escuela.wav,V
2.4000000000000004,0.06673574,0.02646484375,956.3802740596196,1306.4449683168946,1817.40234375,10.088213,-258.99826,182.00143,-17.453884,34.770985,9.749143,-13.9207325,3.0791318,10.418273,-41.737846,4.3954268,-15.762697,1.3865726,10.310887,escuela.wav,V
2.5,0.07008572,0.03681640625,824.1712039981527,1119.1720432192385,1048.6669921875,9.682786,-285.2019,205.06082,23.584148,16.89859,-35.16306,-33.759766,-15.4684925,12.963964,-9.5577755,-10.576148,-8.6853485,0.54525197,-5.13159,escuela.wav,V
2.6,0.08656316,0.0326171875,1117.6250367782095,1396.2492679499037,1593.45703125,9.97476,-198.5682,174.4711,-26.763355,7.3284025,-17.232714,5.346716,-7.5798683,-9.668932,-30.129559,8.389467,4.1219893,15.804373,-2.1403022,escuela.wav,V
2.7,0.071604356,0.0365234375,1222.901630935943,1450.0347253945583,2136.09375,9.183159,-225.98074,168.87935,-36.938366,20.867905,3.9721591,-0.75796425,-20.331038,-13.3404255,-15.113111,27.885305,-5.3240995,7.921014,-2.8786132,escuela.wav,V
2.8000000000000003,0.046999715,0.0466796875,1404.715633918795,1569.8996388988294,2364.345703125,8.811922,-275.11148,161.23401,-40.343258,11.499174,-9.419025,16.381079,-21.913462,-14.622404,-10.379774,24.584818,-11.9857435,14.988568,0.46139926,escuela.wav,V
2.9000000000000004,0.060418446,0.0404296875,1678.371242594309,1872.837267792207,3260.126953125,9.593519,-207.77275,142.42801,-15.887752,14.580244,-15.037088,28.6294,-33.823555,1.509031,-14.448117,20.678488,9.303436,18.571587,-11.982803,escuela.wav,V
3.0,0.037514005,0.04580078125,1793.2822643751467,2046.1989179553368,3589.5849609375,9.43564,-238.65158,135.84256,-3.744936,18.21784,-12.173712,27.217709,-23.894934,4.3823233,-20.800358,12.857434,8.185965,19.286901,-15.466372,escuela.wav,V
3.1,0.020210078,0.05634765625,1416.618246110825,1692.5601594600346,2312.666015625,8.862973,-323.1028,156.71571,-35.359722,0.62799644,8.815996,22.983082,-8.1111965,18.026535,-19.054403,28.52567,0.36698562,10.274671,-3.3076382,escuela.wav,V
3.2,0.0036522993,0.03984375,1076.843540507431,1355.907709387317,1608.5302734375,10.217247,-485.06232,180.94186,-31.529715,-3.7099495,-14.178688,28.819836,-0.42841306,20.240898,-4.4493365,22.080875,10.080716,9.956733,-2.0258436,escuela.wav,V
3.3000000000000003,0.0055518704,0.00791015625,654.2698558554246,1360.0026592246072,1035.7470703125,9.520063,-567.6978,171.24857,13.35611,21.87541,0.9332005,23.6003,5.3312817,22.222883,5.913452,22.886099,15.801132,14.019308,4.727193,escuela.wav,V
3.4000000000000004,0.0008772911,0.026953125,1041.7470641941854,1862.2576792584905,1681.7431640625,10.061253,-635.2612,153.93933,31.325308,25.947744,0.036028862,13.746341,-6.452863,10.682623,-4.0449524,9.511049,1.4146078,1.4681742,-2.1232514,escuela.wav,S
3.5,0.0011068635,0.0203125,1138.1749887271394,2049.0398356633305,2153.3203125,9.916159,-631.98627,141.80026,36.29876,27.759851,0.6669976,13.308344,-4.872032,13.863116,-1.286982,6.595614,2.421833,5.4703584,1.372023,escuela.wav,V
3.6,0.0019468159,0.0259765625,1953.5077130154184,2358.732319131864,4853.583984375,8.164515,-498.5045,122.85448,-0.3156088,21.515717,-8.492647,22.906944,-23.001278,10.646092,2.1739068,9.583875,-4.114591,7.0913916,1.1837556,escuela.wav,V
3.7,0.0026261345,0.00634765625,1061.390319898392,1842.6480325062184,2263.1396484375,10.1826725,-578.4532,144.27261,18.853664,34.987823,-1.9032272,32.68802,6.54467,20.164404,-4.5370436,11.879433,0.62102205,4.162629,2.4794629,escuela.wav,V
3.8,0.0019900738,0.0078125,785.8756488532002,1703.060851333099,1145.56640625,10.358384,-639.3893,149.02896,37.366688,31.314386,7.983351,23.632355,1.9350973,12.720894,-4.2542796,11.616102,9.160435,10.718424,3.3978057,escuela.wav,V
3.9,0.0019115973,0.0126953125,669.1557743756425,1564.2139687962876,813.955078125,10.278175,-655.0513,157.79654,40.932945,29.753513,8.114469,24.207743,-0.6650602,16.082203,1.5646352,15.022392,5.885062,8.656898,0.96838504,escuela.wav,V
4.0,0.0016737751,0.01669921875,902.503351122157,1786.497003404548,1440.5712890625,10.150496,-621.78564,150.15393,34.607178,31.613657,7.8619065,25.688824,-2.360923,11.027173,-8.935539,4.7455034,0.12670593,7.368228,4.7629547,escuela.wav,V
4.1000000000000005,0.0011566909,0.02314453125,1145.5439285181544,1963.0540692107484,2215.7666015625,9.9851055,-611.262,144.48694,21.51486,30.455206,4.4526725,25.3524,-6.3821187,5.14245,-7.862628,8.274792,-0.038609505,8.608541,1.5009407,escuela.wav,V
4.2,0.0015674025,0.01875,1080.1547834278244,1821.063195457205,2032.734375,9.999273,-588.6616,155.34421,14.287394,23.98434,1.2916012,21.471981,2.5243433,12.435397,-5.634105,5.3254347,2.1754963,5.212715,-1.2041795,escuela.wav,V
0.0,0.0011189125,0.00771484375,836.2986886486284,1803.0939785219284,1083.1201171875,10.009454,-692.97235,151.76346,46.758003,26.232016,3.4848552,9.640613,-0.20609598,11.447863,2.3189158,7.444346,4.753063,8.371824,6.2946577,lacasaesgrande.wav,V
0.1,0.001664258,0.0078125,1128.3377779957332,2145.6195682699254,2472.01171875,10.429556,-622.9498,132.45258,42.003624,32.231255,12.283384,21.900158,0.70585215,13.541178,-7.0409126,5.089453,1.0718114,9.565651,2.410861,lacasaesgrande.wav,V
0.2,0.0018217178,0.0072265625,942.71851019958,1897.11261272408,1563.310546875,10.394674,-623.63965,144.37971,34.809574,32.81315,12.735964,12.796934,-4.413886,10.157148,2.1568184,10.419456,7.212695,7.5524855,4.9549837,lacasaesgrande.wav,V
0.3,0.0018586837,0.0109375,940.5749160496388,1798.7489594852195,1537.470703125,10.431396,-607.93225,152.60715,31.980188,35.370235,6.734105,7.3552084,-8.899328,12.5761,1.3916318,10.189038,4.674654,8.090668,1.1227207,lacasaesgrande.wav,V
0.4,0.0017997355,0.0078125,994.4594290976992,1792.3713869991964,1826.015625,10.339888,-603.9164,147.93942,22.980778,38.426857,2.6318042,7.1769943,-13.211591,11.764334,-5.149913,19.111683,10.166216,11.909653,3.5936112,lacasaesgrande.wav,V
0.5,0.0020927119,0.01650390625,1075.4354877535848,1883.4286892069497,2116.7138671875,10.207654,-575.8678,142.60934,18.844524,38.25434,3.5274422,11.97011,-14.621956,12.709551,6.568761,12.7763,5.743806,10.898781,6.5113587,lacasaesgrande.wav,V
0.6000000000000001,0.0023686774,0.0205078125,1208.8352320595354,1836.5979049302607,2478.4716796875,10.268232,-533.6853,144.57185,1.4883976,40.46949,3.2243354,13.377737,-22.46143,9.367156,5.994258,12.962664,7.793195,9.976578,2.9792373,lacasaesgrande.wav,V
0.7000000000000001,0.0023453448,0.0138671875,1197.4180253626714,1862.1077609431295,2413.8720703125,10.426376,-547.121,141.01085,-1.1970055,37.704567,9.775724,22.524576,-15.360501,6.672905,9.844358,8.5491495,2.836043,10.706839,7.4527283,lacasaesgrande.wav,V
0.8,0.0025163915,0.0328125,1951.4740406984288,2033.8377558519849,3652.03125,9.515784,-473.9444,113.23623,-26.001617,59.662193,5.281901,17.48507,-13.130064,7.2002435,-5.4427805,14.528067,-4.617753,6.6360297,0.1944818,lacasaesgrande.wav,V
0.9,0.00229543,0.06083984375,2033.9947156003373,2009.4316806408276,4164.521484375,10.060734,-467.96558,110.653885,-36.930073,54.036407,-2.234055,17.11479,-22.599562,9.799898,0.65959704,11.815837,-7.071378,14.580294,-2.9098892,lacasaesgrande.wav,U
1.0,0.0020802051,0.02646484375,1310.89876239339,1828.2078703517875,2652.890625,10.321838,-542.58093,138.85596,-11.911561,41.45707,7.3923655,15.47703,-9.636086,9.286978,-3.541428,7.314166,4.864621,9.876587,1.8543686,lacasaesgrande.wav,V
1.1,0.0020137224,0.01552734375,2117.820353121485,2464.43018572734,4702.8515625,10.356014,-547.99414,99.71426,14.821765,44.869377,13.172449,25.838861,-22.323967,25.36636,-13.384104,2.745325,2.6497009,14.595169,-1.3072863,lacasaesgrande.wav,V
1.2000000000000002,0.0018423715,0.00703125,1134.4143310744237,2071.4459197323517,2291.1328125,10.330272,-599.29785,135.56328,27.47937,32.022217,9.085469,14.6943865,2.6963453,9.355281,-4.5172253,4.7908735,2.5358624,6.956501,1.8625576,lacasaesgrande.wav,V
1.3,0.0017852472,0.01044921875,1021.1628728001996,1946.024064873315,1903.53515625,10.23908,-614.3719,141.14926,29.769323,34.445957,13.129229,18.14049,-2.7095237,7.1953316,-5.2356935,5.7236137,2.9976094,5.2412524,3.7277527,lacasaesgrande.wav,V
1.4,0.0031857234,0.01025390625,746.9216455134685,1457.9672922294526,1089.580078125,9.729935,-588.1693,165.91557,23.027893,43.67277,11.220814,16.880856,-10.987284,5.906842,-3.6337306,5.03278,-0.0238549,4.881104,-6.704904,lacasaesgrande.wav,V
1.5,0.017644307,0.01220703125,856.5575068933349,1617.005682154298,1518.0908203125,8.921674,-488.08398,140.1597,25.615509,37.61134,15.384291,17.852789,0.3194645,2.5219798,-5.7783737,8.628507,14.887888,-6.7233915,1.34861,lacasaesgrande.wav,V
1.6,0.08224098,0.01455078125,1084.3877191054175,1771.4840262024325,2385.87890625,10.001529,-258.93762,139.92566,8.925087,49.104424,2.8762155,16.943516,3.3665214,-15.047628,-23.326656,5.549549,6.5670557,-18.231777,0.7453574,lacasaesgrande.wav,V
1.7000000000000002,0.11670786,0.030859375,1229.1354347792208,1629.888839749307,2288.9794921875,9.934925,-162.97682,164.92697,-19.09502,12.03062,-9.20587,-2.3579752,-12.691576,-0.7286642,-9.889575,7.3911424,19.456614,-1.8234888,-12.319036,lacasaesgrande.wav,V
1.8,0.04631637,0.0248046875,1075.0763831963964,1610.151996628612,1940.1416015625,8.778609,-297.79102,166.22937,-6.6722198,19.001348,17.813913,6.1624956,-26.252508,2.7240558,4.268776,15.003073,-3.7295184,2.989176,0.30953208,lacasaesgrande.wav,V
1.9,0.07709226,0.0458984375,1395.756860750953,1638.583946570291,2506.46484375,8.890376,-226.44287,156.36377,-30.762213,20.346397,12.352281,6.3939896,-28.584484,-15.925764,-8.376303,16.691679,-16.534546,5.9698243,3.4856842,lacasaesgrande.wav,V
2.0,0.096086554,0.03955078125,1595.6916600194777,1725.7661009688743,3217.060546875,9.620622,-200.55257,147.8608,-19.825321,13.32372,-2.4451652,21.020868,-35.382866,1.4835335,-5.4941688,12.401679,12.371656,3.9232306,-11.544899,lacasaesgrande.wav,V
2.1,0.026745435,0.25517578125,3599.5459054640305,2539.326969800969,6283.388671875,8.667661,-214.0375,64.11776,8.995117,35.06379,-26.37232,43.01626,-34.86322,21.6066,-14.225357,26.375128,5.9370484,10.994515,-12.497002,lacasaesgrande.wav,U
2.2,0.14892143,0.03642578125,1062.0898215871152,1209.8226298735535,1670.9765625,9.754999,-155.36327,190.52342,-39.129246,-2.1410975,-4.22937,2.2894158,-40.75172,-10.466982,-6.660872,-2.2640421,17.63667,-0.29386178,-6.9563828,lacasaesgrande.wav,V
2.3000000000000003,0.045441214,0.03994140625,1551.2773640800865,1874.923393152353,2797.1630859375,9.275003,-200.33731,139.42688,-18.659718,35.83477,7.925948,-2.9949076,-45.34666,1.2972023,-9.884344,0.8085977,5.05239,-5.606126,1.3043122,lacasaesgrande.wav,V
2.4000000000000004,0.07756517,0.04580078125,2115.350370867717,2323.0018713258987,4605.9521484375,9.85109,-227.21909,104.58376,23.42688,44.863937,10.7395,37.705257,-45.659904,1.7865855,-20.836395,-2.3869543,-13.815659,-3.0558662,-7.9259133,lacasaesgrande.wav,V
2.5,0.055603825,0.03037109375,1418.8440419097944,1844.4202359860367,3369.9462890625,9.579006,-245.4082,139.94052,-4.6823535,41.54225,19.487347,24.568584,-26.492474,-8.110622,-19.595688,1.5516881,-12.18351,-5.013701,-10.578906,lacasaesgrande.wav,V
2.6,0.07881745,0.03037109375,996.1231576966308,1483.515596606619,1556.8505859375,9.752037,-234.61885,174.16351,-5.921087,15.232327,0.729321,14.953939,-20.555851,2.173887,-13.597708,1.8065125,20.553152,1.7403568,-5.099754,lacasaesgrande.wav,V
2.7,0.06433449,0.0201171875,888.9902539374355,1568.4892709215585,1343.671875,9.90481,-280.67587,166.98853,15.913782,17.62126,7.0341444,21.183487,-21.262638,11.710625,-4.032271,-5.53192,17.079678,2.3338208,-3.4661007,lacasaesgrande.wav,V
2.8000000000000003,0.038291387,0.01611328125,983.9134043231204,1769.0013124550828,1836.7822265625,9.960548,-328.16296,147.10435,26.880365,55.77772,22.06139,14.165334,-28.858734,22.803568,-11.571084,-1.127022,-7.2128386,-4.460028,-2.4135041,lacasaesgrande.wav,V
2.9000000000000004,0.01678131,0.0328125,1182.122441526403,1761.410545831763,2420.33203125,9.388832,-410.31372,132.9792,14.342077,74.22773,17.17741,-8.207549,-18.997196,24.070354,-15.403218,8.046603,16.351757,2.8680139,5.564871,lacasaesgrande.wav,V
3.0,0.056237727,0.00732421875,376.19413460303406,988.0967841739748,340.224609375,10.108926,-418.4825,176.11742,53.436443,67.94619,31.272747,18.940569,3.109727,17.33109,6.198893,2.1775737,6.698259,8.430559,-4.8966374,lacasaesgrande.wav,V
3.1,0.07814562,0.007421875,311.14330086240807,870.8631674808094,314.384765625,10.073426,-429.76025,183.8162,79.2924,59.63085,38.333595,26.361546,13.22435,5.1677485,4.2999716,3.627615,3.7655423,2.5410552,0.07387608,lacasaesgrande.wav,V
3.2,0.018309865,0.00546875,720.501507306298,1611.9505067344076,1126.1865234375,10.053472,-458.4245,146.92007,28.636602,35.48947,25.57064,29.25999,6.363843,13.099108,5.634143,9.790159,3.1094863,5.583846,2.631725,lacasaesgrande.wav,V
3.3000000000000003,0.0015572469,0.01416015625,1210.2414162561624,2104.144230888168,2532.3046875,10.275126,-588.493,135.44109,23.9005,27.139828,5.404683,16.739822,-6.6772857,10.283635,-2.854353,6.880606,1.1961374,6.4058976,-0.535727,lacasaesgrande.wav,V
3.4000000000000004,0.0019520868,0.01787109375,1288.574553112666,2021.802574693951,2672.2705078125,8.246691,-550.9624,138.13016,15.981448,34.65996,8.174593,15.604752,-8.792162,0.9101246,-3.38277,6.534957,-2.401261,4.595006,-2.348461,lacasaesgrande.wav,V
3.5,0.0012962365,0.0181640625,1623.2914848228556,2435.4127738935617,4321.7138671875,10.087289,-573.5663,114.57489,26.283524,39.09273,7.3004327,21.553165,-4.4710126,11.702876,-7.5343795,1.9859219,0.26375476,2.2826533,0.60284036,lacasaesgrande.wav,V
3.6,0.0010457772,0.0171875,1355.2088210761508,2134.2578508149063,3096.474609375,10.237641,-604.91595,131.49484,20.00388,35.26728,5.0843377,21.055965,-4.9791255,4.74291,-10.385134,5.652218,2.1136487,3.0321634,-2.1767602,lacasaesgrande.wav,V
3.7,0.0010114678,0.01943359375,997.967125147974,1827.7145076972472,1714.04296875,10.037443,-636.1667,149.76707,26.705252,33.574947,5.8628783,16.882519,-6.4635863,8.572036,-5.0354204,8.639162,-3.58686,1.7225101,-2.0012033,lacasaesgrande.wav,V
3.8,0.0011437146,0.01611328125,952.433619012982,1856.9156004778572,1548.2373046875,9.884077,-647.82605,145.47275,38.643036,38.635544,9.083827,19.438372,-4.9943223,11.936662,-2.5545764,7.5942063,-0.97228986,4.076835,-0.6579031,lacasaesgrande.wav,V
3.9,0.0023645412,0.01533203125,819.2441906112596,1654.6411632980637,1156.3330078125,9.23673,-615.3233,154.20197,41.947105,41.406467,8.061067,17.73697,-6.782115,10.833606,-4.481661,3.4720464,-2.2757647,-1.040179,-10.189401,lacasaesgrande.wav,V
4.0,0.0015542898,0.02138671875,1126.0169564439054,1945.266928566551,2321.279296875,10.175447,-599.26965,138.07535,16.472452,37.410015,12.738789,24.027645,-3.7528503,10.844168,-2.4573836,6.7311335,-0.37125772,6.2772584,-6.4615297,lacasaesgrande.wav,V
4.1000000000000005,0.001305893,0.02236328125,1068.808467978833,1821.6901630980688,2142.5537109375,10.043314,-601.2671,144.57544,11.520805,40.506634,14.885303,23.725502,-4.86209,10.033408,-7.6857195,2.0677829,-3.655215,0.56640786,-7.846898,lacasaesgrande.wav,V
4.2,0.0011869704,0.01552734375,1152.333424449433,1991.3697588556424,2297.5927734375,10.177334,-604.0487,143.19505,25.057526,34.718597,12.3649235,14.507253,-5.9078884,4.6602736,-3.2159963,2.4125397,-4.181293,-2.2165265,-2.0111327,lacasaesgrande.wav,V
4.3,0.0013415217,0.0345703125,1930.2211137054976,2480.679300944067,4745.91796875,10.185714,-547.36975,105.17259,19.284298,48.006218,1.6079817,18.843975,-8.174654,11.316559,-8.971111,9.949768,-3.727216,1.226764,-5.4231825,lacasaesgrande.wav,V
4.4,0.0016432998,0.06455078125,2200.3685291830825,2355.9675449509377,4860.0439453125,10.095869,-512.41174,88.42609,-9.84173,65.037964,11.781206,23.991428,-12.943095,13.764763,-11.803116,11.61363,-3.4647622,9.752914,-5.231271,lacasaesgrande.wav,U
4.5,0.0015629831,0.0396484375,1690.1179168412914,2150.677076735893,3822.1435546875,10.208944,-536.3112,114.92151,-3.834393,56.43529,2.948382,14.475031,-5.7930803,18.5844,-9.832918,5.7472944,-4.453425,7.441598,-5.851041,lacasaesgrande.wav,V
0.0,0.000621291,0.02548828125,1162.712158507344,1987.1913320102904,2276.0595703125,10.305614,-670.51434,139.16055,17.218683,27.634823,9.439245,19.978045,-2.396707,8.254604,-2.7115963,5.5597,0.32484895,4.9995565,2.2254977,miperrosesaliodecasa.wav,S
0.1,0.002260171,0.028515625,1627.5499152058203,1843.357222882969,2439.7119140625,7.7353,-531.0463,132.34113,-22.918049,35.58457,19.141981,12.914095,-24.612366,24.545334,-5.8069983,7.633086,-9.96459,12.437655,-11.223997,miperrosesaliodecasa.wav,V
0.2,0.0019147355,0.03701171875,1428.2053454900006,1689.1862150809634,2536.611328125,9.132,-506.9581,155.40042,-31.221432,15.468248,-6.4775877,14.204646,-17.635586,12.697778,0.15110502,14.194179,7.97281,3.2537334,-4.561281,miperrosesaliodecasa.wav,V
0.3,0.001211597,0.04736328125,1600.4772229703538,2018.326990948086,3057.71484375,9.56118,-527.16907,135.90132,-16.038656,16.036518,1.7010311,4.480536,-14.284723,11.696774,-3.0858622,9.634488,1.2806507,4.69592,2.1424098,miperrosesaliodecasa.wav,V
0.4,0.0014007555,0.03134765625,2368.6633165529115,2378.06074976337,4528.4326171875,9.49774,-551.9896,99.84073,18.668793,35.752197,1.586571,22.140732,-16.40587,17.02834,-5.179624,13.726605,0.9377756,11.886501,-5.006469,miperrosesaliodecasa.wav,V
0.5,0.0013456326,0.00576171875,965.8306726764216,1930.1425188807327,1589.150390625,10.308258,-653.6378,144.86787,40.759163,27.5116,3.7480588,17.366756,-0.8468958,12.054936,3.4750862,9.879923,1.2209625,6.13386,4.19496,miperrosesaliodecasa.wav,V
0.6000000000000001,0.00722983,0.01142578125,1091.0012186364067,2079.4472428832587,1989.66796875,7.7535844,-557.7159,131.40125,37.649807,29.302628,13.598419,15.211637,7.4064245,6.997964,4.8048654,4.690596,1.9614147,3.96356,2.4019344,miperrosesaliodecasa.wav,V
0.7000000000000001,0.057310987,0.00966796875,645.7313338482483,1282.980949194545,973.30078125,10.207342,-372.91397,157.98633,3.1435082,52.996002,52.126953,24.845526,-4.0915804,4.3212833,-1.3927275,-9.849247,-11.309127,3.6587405,-1.622599,miperrosesaliodecasa.wav,V
0.8,0.09052286,0.0091796875,873.2502830941754,1502.9576261912948,1593.45703125,10.388935,-293.223,148.28491,-0.95956004,50.09449,39.436436,13.947095,-11.3141165,-0.5241642,5.149741,-10.007041,-8.467022,3.149634,-1.9935653,miperrosesaliodecasa.wav,V
0.9,0.08214541,0.02255859375,1245.8466552884954,1823.1879120711649,2891.9091796875,9.668734,-258.80377,123.532715,-6.0087166,69.119446,34.15727,-7.1122003,-4.2283835,7.6459208,-15.544803,4.024168,-9.015596,-12.654852,-1.6443024,miperrosesaliodecasa.wav,V
1.0,0.0023138872,0.012109375,1023.1069874150684,1938.5383523102148,1914.3017578125,9.5117,-588.533,143.1512,34.144264,35.703747,16.649885,18.068792,-1.6041317,10.188253,-0.08912382,4.804076,-0.8345839,4.37284,-0.7533665,miperrosesaliodecasa.wav,V
1.1,0.1274306,0.02841796875,1055.6196550356678,1354.7094393873963,2086.5673828125,9.911229,-214.1705,166.10161,-26.37203,43.746788,36.467293,-13.776097,-34.181892,-10.686443,-18.004389,12.955899,-17.149067,-6.777794,-0.49548167,miperrosesaliodecasa.wav,V
1.2000000000000002,0.11136037,0.03017578125,1026.7148527695565,1251.462106634461,1763.5693359375,10.040059,-187.83281,180.57716,-33.11488,16.720484,8.133855,-5.2320313,-26.06192,-11.618483,-27.402655,-0.16345863,-2.5171957,3.8843243,-2.4120731,miperrosesaliodecasa.wav,V
1.3,0.10698514,0.021484375,813.3772031527703,890.0736077623412,1251.0791015625,9.63615,-248.53064,230.71786,-27.994328,-13.946739,3.1194324,-10.88302,-14.460669,4.601859,-24.357578,-23.268415,-3.6954665,8.393881,5.0835104,miperrosesaliodecasa.wav,V
1.4,0.110927805,0.02900390625,801.8711348839272,1008.0370426087812,1076.66015625,9.789988,-277.789,201.85153,-4.9123755,5.1873655,-21.881306,-29.74905,4.6179247,8.529951,-22.928043,-15.608218,-8.151198,0.81056184,8.093175,miperrosesaliodecasa.wav,V
1.5,0.010974475,0.22080078125,3520.5287096871907,2426.869227066168,6274.775390625,9.057966,-326.75967,46.44376,8.200747,42.553333,-23.533396,24.143307,-4.6027427,4.257608,-9.86401,10.39669,-13.2044525,19.25084,-7.4586906,miperrosesaliodecasa.wav,U
1.6,0.019533932,0.1896484375,3183.100866764774,2282.2191400254865,5335.927734375,8.283834,-308.70135,60.721577,7.9469924,43.981457,-7.7150545,24.29935,-24.599213,2.0776994,-7.1776304,6.7920675,-11.494154,10.060894,-12.965271,miperrosesaliodecasa.wav,U
1.7000000000000002,0.028218403,0.2345703125,3987.6786388126343,2483.801472771408,6673.1396484375,9.490227,-256.52435,29.560202,22.532194,40.769333,-15.963545,34.079628,-26.867731,9.693225,-10.749476,9.852242,-8.701868,4.9240084,-19.235138,miperrosesaliodecasa.wav,U
1.8,0.061317228,0.04501953125,1284.790946419884,1671.6215282105634,2446.171875,9.541632,-229.94942,161.61475,-6.076541,19.350477,-4.8643975,7.274105,-22.21179,-8.595905,-20.784496,4.8511252,8.644812,11.936559,-12.615,miperrosesaliodecasa.wav,V
1.9,0.061531097,0.01484375,909.4764925178736,1659.0133681880186,1606.376953125,10.256674,-293.33585,144.69247,18.241575,54.74337,18.96465,3.4994183,1.1164305,-4.302842,-15.007486,-3.7701924,-15.458796,-10.771334,-5.7187486,miperrosesaliodecasa.wav,V
2.0,0.08388746,0.02021484375,1015.6876562983408,1661.7780983692678,2082.2607421875,10.286535,-252.68945,141.39189,-3.138329,44.134785,40.993263,-2.5297036,-17.974377,-4.3483315,-19.959314,-11.008215,-22.302551,-7.1455636,-1.5868242,miperrosesaliodecasa.wav,V
2.1,0.106525265,0.03115234375,1069.9293826453325,1500.7849576592355,1625.7568359375,10.170229,-199.83061,171.16304,-13.961322,11.46265,-8.871571,-25.37134,-3.755474,-2.6231627,-34.58985,-20.421234,-6.862451,2.6296775,8.048053,miperrosesaliodecasa.wav,V
2.2,0.026013058,0.0201171875,882.3646770567826,1365.4835723602512,1291.9921875,7.8012996,-398.43088,177.75725,26.643421,13.892645,-15.527725,-17.083374,3.561688,2.6655812,-17.611856,-19.466038,-3.9927547,6.3114243,11.163484,miperrosesaliodecasa.wav,V
2.3000000000000003,0.0009607623,0.0224609375,1024.8070330086427,1842.7843900962407,1535.3173828125,10.0364895,-630.9188,156.6037,32.104393,19.114317,2.413021,15.578461,0.5257298,6.477315,-10.747015,-3.7402604,0.6846773,9.361074,6.7600274,miperrosesaliodecasa.wav,S
2.4000000000000004,0.0640841,0.03125,1321.1759566503706,1848.6343968250064,2945.7421875,9.145376,-289.962,143.56291,5.9644723,50.053673,19.860342,1.3006576,-18.128849,1.5068905,-17.454098,9.130658,-12.280926,0.6159709,1.4446694,miperrosesaliodecasa.wav,V
2.5,0.020992827,0.0248046875,1082.7702904498292,1757.562106983106,2250.2197265625,7.8010054,-443.76343,137.2769,20.132122,46.308487,31.322231,-2.5236049,-11.9119215,1.73722,-2.4428086,-12.540989,-14.036509,4.148055,0.837531,miperrosesaliodecasa.wav,V
2.6,0.08501592,0.04775390625,1551.3016208496451,1779.4362645763,2491.3916015625,9.41365,-168.25064,144.1277,-34.72287,0.20642987,-5.088301,4.335281,-22.831966,-3.4315429,-24.436989,12.307771,-9.550807,7.071183,-12.028422,miperrosesaliodecasa.wav,V
2.7,0.08216158,0.0421875,1817.9704011790388,2114.754760967846,3647.724609375,9.775929,-188.16621,130.89458,4.846785,6.1777773,-16.033371,14.746168,-28.99202,-5.599825,-16.14453,9.91802,7.795907,9.826949,-12.202738,miperrosesaliodecasa.wav,V
2.8000000000000003,0.024178447,0.3123046875,4484.986013861562,2362.0795657162957,7015.517578125,9.116877,-241.92929,29.552225,30.199848,26.465069,-28.274143,34.66755,-35.08208,14.157102,-15.80072,7.7379274,1.245014,14.638786,-14.481346,miperrosesaliodecasa.wav,U
2.9000000000000004,0.050765377,0.02724609375,1067.2552660741333,1464.8941926195862,1731.26953125,9.400826,-242.51094,179.15918,-16.49415,-0.13666697,4.961262,3.7100167,-21.858917,-1.7500976,-5.817896,11.811945,-0.62488306,9.9408,-6.729306,miperrosesaliodecasa.wav,V
3.0,0.0075812405,0.06728515625,1421.7996246689945,1626.4645978012925,2110.25390625,8.924596,-408.2215,154.78719,-41.33823,-5.9621267,12.11687,30.508795,4.5896583,4.4591875,-2.2365274,13.915804,7.72744,5.7024684,1.0574787,miperrosesaliodecasa.wav,V
3.1,0.0016004981,0.017578125,1186.8977648642774,2082.4816160317846,2226.533203125,9.815513,-595.14905,142.22934,30.696127,17.396015,-0.8317617,16.71633,2.0491092,19.319012,3.6057563,11.34167,6.980403,7.4004946,1.5066122,miperrosesaliodecasa.wav,V
3.2,0.00092937343,0.0232421875,1589.320939345596,2394.280343512527,3985.7958984375,10.159147,-623.9381,124.353905,37.848316,30.812,-0.0727212,17.84837,-7.9556923,16.812628,-6.03395,13.226817,-6.8898177,8.647207,-1.1788864,miperrosesaliodecasa.wav,S
3.3000000000000003,0.0016406933,0.0154296875,977.7068262423206,1754.0693535055725,1776.4892578125,9.468713,-630.12335,144.48315,23.031567,40.64312,8.739951,22.383661,-4.524366,14.115036,-2.8340995,11.358606,7.8960977,13.667201,-7.4684286,miperrosesaliodecasa.wav,V
3.4000000000000004,0.0013988494,0.057421875,2300.552275377224,2590.8980201378663,5103.369140625,9.845341,-543.6851,98.17688,19.499763,37.817898,1.1534811,27.230494,-21.004879,12.174818,3.470866,13.542277,1.1368121,12.230962,-8.062251,miperrosesaliodecasa.wav,U
3.5,0.0011250094,0.05869140625,2162.3477664743245,2639.733590599468,5101.2158203125,10.107723,-560.60974,101.12812,27.260319,35.02341,-1.8955803,20.680653,-16.584385,14.872314,-2.503496,4.3199377,2.0692103,10.743776,-8.425401,miperrosesaliodecasa.wav,U
3.6,0.0009486855,0.01767578125,1106.581628004196,1987.5781311590813,1916.455078125,10.000603,-631.0575,146.6159,36.58742,26.87653,1.0616466,11.07796,-9.192982,10.442552,2.8173897,6.9723673,5.68699,8.305534,-1.0200723,miperrosesaliodecasa.wav,S
3.7,0.001376215,0.02509765625,1438.6575543273862,2071.8988472525384,3331.1865234375,8.871065,-570.2628,136.60265,10.311415,36.50391,-3.0394902,16.927519,-19.51971,13.187239,3.577502,4.9422464,-2.4392765,8.783066,4.9166346,miperrosesaliodecasa.wav,V
3.8,0.0007884658,0.02734375,1221.568729433314,2068.2075917561097,2413.8720703125,9.7608385,-638.39734,141.16867,36.560005,26.81098,-7.3676233,11.619908,-9.654176,10.803502,-5.406329,7.960435,2.768598,5.157408,-3.0243678,miperrosesaliodecasa.wav,S
3.9,0.00085124874,0.02861328125,1330.097623761231,2269.2178762258686,3382.8662109375,9.941399,-655.9808,129.94507,45.765656,26.23579,-1.2734944,26.301886,-4.532597,16.785816,5.6267376,7.831352,0.7989366,8.092264,-5.5753584,miperrosesaliodecasa.wav,S
4.0,0.0008934288,0.05302734375,2250.53743950754,2723.0949295200708,5331.62109375,10.066273,-611.2188,97.01729,40.112236,31.094524,1.4066474,31.477428,-8.498709,19.204737,1.1405947,2.5243785,-0.8470972,10.9324255,-4.945089,miperrosesaliodecasa.wav,S
4.1000000000000005,0.0009045731,0.0216796875,1130.6700249110677,2107.6536467774727,2185.6201171875,10.218367,-659.5143,134.75935,41.372505,30.316818,4.815968,23.355606,0.9810854,17.046312,-2.8660336,6.282836,-0.07741542,4.816293,-3.5936744,miperrosesaliodecasa.wav,S
4.2,0.0009452426,0.0234375,919.102675966601,1851.2878593617584,1276.9189453125,10.02714,-674.68207,148.14513,41.826023,26.797674,0.29691845,21.39904,1.0502698,21.051783,1.4844621,11.111023,0.34044966,3.4814358,-2.812882,miperrosesaliodecasa.wav,S
4.3,0.0007726423,0.02197265625,1291.4059989265086,2205.094979242508,2870.3759765625,10.158308,-653.35645,132.97522,38.36756,29.594278,1.228049,14.545477,-5.565897,18.531078,0.2688461,7.589322,0.59615356,4.4957614,-1.7031,miperrosesaliodecasa.wav,S
0.0,0.0018902362,0.0353515625,1674.531108871074,2153.66489348522,3955.6494140625,8.739651,-534.68616,128.13327,5.799079,26.348465,-5.7711573,13.593597,-17.00915,13.111839,-2.667644,7.6203575,-5.7788224,8.685963,0.987487,parque.wav,V
0.1,0.002251863,0.03623046875,1617.9313804685312,2120.961404384947,3311.806640625,9.072718,-474.57455,135.83064,1.2111012,14.233826,-15.125346,4.5159883,-12.496801,14.173795,-3.1980717,10.87515,2.503977,10.11761,2.3214345,parque.wav,V
0.2,0.0020011966,0.03291015625,1458.3072104524203,2197.342360713952,3449.619140625,9.964445,-541.0067,126.33705,10.964719,34.486122,6.096305,23.24145,-14.186078,22.569155,-3.1566935,10.728216,-5.4633937,19.958103,3.2636483,parque.wav,V
0.3,0.0018131936,0.01748046875,1282.138269676324,2027.143441363384,2706.7236328125,10.081846,-575.94714,132.64072,4.862225,35.087994,9.666212,21.66278,-6.514047,25.84731,-1.335759,4.9165826,-7.632085,11.633874,0.7709369,parque.wav,V
0.4,0.001769515,0.03310546875,1442.6434299329471,1773.5352200579418,2745.4833984375,9.022175,-518.0088,146.08868,-22.762785,36.593113,12.27112,2.9285114,-14.06246,17.177828,-5.122829,5.610095,2.903875,5.802224,-3.1734984,parque.wav,V
0.5,0.0018495889,0.02255859375,1223.4756213818648,1833.23451929432,2510.771484375,10.229211,-547.5412,147.1117,-7.573935,32.39826,17.031273,14.700846,-12.163449,16.27293,-4.4249754,3.5548167,3.1223207,9.968457,4.2681823,parque.wav,V
0.6000000000000001,0.0017084386,0.0248046875,2040.5159023932524,2379.8293848158723,4801.904296875,10.288225,-532.0781,107.83946,-2.5682602,36.595543,14.401942,31.934595,-12.709466,24.220089,-6.567131,4.160819,4.116633,10.392079,-4.993081,parque.wav,V
0.7000000000000001,0.011552384,0.01953125,1056.566809340835,1568.8407073939218,2067.1875,7.45656,-506.29535,149.57567,-7.861985,43.42448,32.376,15.916916,1.6826351,6.5056505,-5.094754,0.66951674,-4.224039,1.977988,5.1262226,parque.wav,V
0.8,0.08407952,0.0228515625,916.6242450928028,1401.315595280777,1828.1689453125,10.067878,-280.37982,157.18791,-21.8626,43.27233,44.604992,12.017179,-10.460414,-10.761408,-23.61143,4.4788055,-4.174601,-22.434893,-7.433193,parque.wav,V
0.9,0.13443625,0.0263671875,1014.2618662598468,1508.1419891482549,1507.32421875,10.215582,-190.1414,162.82324,-10.7661915,15.294174,-1.6337769,1.370003,-4.878981,6.2444053,-43.714252,-11.598549,-5.5943327,1.9667141,8.584758,parque.wav,V
1.0,0.053854167,0.08837890625,2761.9313237052875,2754.419725903307,5882.87109375,9.69783,-223.51399,82.77362,41.539894,35.378777,-11.333082,40.767582,-8.570949,16.083195,-25.220781,8.413173,-15.940254,5.1544394,-10.822672,parque.wav,U
1.1,0.10147673,0.0099609375,938.0540468893662,1709.0361834424775,1826.015625,10.505766,-265.4925,146.40149,11.034489,30.94717,36.974953,6.8722353,-14.771545,12.129445,2.273859,-9.309594,-1.9365196,2.1121154,-4.4158297,parque.wav,V
1.2000000000000002,0.11087686,0.0322265625,1508.7995354862485,2069.018345666186,3307.5,10.306167,-202.87602,108.52466,1.904364,58.152504,8.720968,-14.0225525,-7.751301,10.549063,-20.757898,-2.0887396,-8.176625,-8.645067,3.8944206,parque.wav,V
1.3,0.11506118,0.03642578125,1381.6427637222862,1805.154107553987,2820.849609375,10.221085,-202.11038,127.353226,-20.57849,47.08369,26.196142,-14.671788,-23.186216,13.492811,-24.348785,-3.3598304,-9.378558,-9.902237,6.640918,parque.wav,V
1.4,0.15273643,0.02265625,1044.2073602620037,1438.804934107708,1698.9697265625,10.2599125,-192.85318,156.66162,-19.772152,13.435229,-5.4527063,5.1135354,-6.6929398,2.886179,-43.81661,14.271074,-3.730636,-0.20463124,5.2753816,parque.wav,V
1.5,0.02129819,0.24794921875,3838.8763149646247,2665.3571862104823,7095.1904296875,8.99629,-253.00269,39.39094,-2.0449767,45.682617,-22.630226,42.93637,-5.355454,16.166079,-27.861958,19.409328,-21.245129,21.693043,-16.409386,parque.wav,U
1.6,0.0026710678,0.06708984375,1764.362343006993,1933.2523664031523,3348.4130859375,9.866373,-442.9665,132.38205,-35.824482,14.832873,-9.286876,13.753896,4.0517035,28.317715,-7.0406723,-0.090264246,-7.352309,9.888472,7.341478,parque.wav,V
1.7000000000000002,0.0017721916,0.06240234375,1707.132367951977,1880.7857424281813,3283.8134765625,10.024905,-484.6438,133.6327,-32.95339,34.57627,-7.9381685,5.417955,-12.631905,20.732286,-13.220965,10.906986,2.578715,17.72514,6.18647,parque.wav,V
1.8,0.0030024922,0.05029296875,1551.7432006292493,1964.7125200931025,3133.0810546875,9.96871,-460.7063,136.88803,-11.629328,33.734127,-7.4192595,-2.6458552,-22.548147,4.943001,-14.848056,10.10826,-6.0600624,26.615356,11.2314005,parque.wav,V
1.9,0.11690189,0.02724609375,842.9606186557172,1086.405532460407,1268.3056640625,9.992577,-268.31424,193.87119,2.1982017,-6.238125,-7.0517225,-25.370525,-9.223454,-3.641828,-16.41043,-15.815046,-10.241329,-1.5147122,3.95257,parque.wav,V
2.0,0.0737545,0.0232421875,1134.936336321895,1578.9681729988156,2170.546875,9.659561,-259.7571,157.31616,-20.759052,28.106558,28.468134,-9.964437,-21.92992,-10.282613,-5.7887073,-5.4356294,-18.298004,-3.9298046,11.435244,parque.wav,V
2.1,0.093039,0.03173828125,998.9350732317396,1111.2943199789256,1819.5556640625,10.346081,-248.67014,181.22427,-54.768665,26.123993,19.747349,-13.836398,-22.95948,-14.191397,-20.980755,13.376902,-0.385413,-2.1723876,9.69756,parque.wav,V
2.2,0.03791163,0.01923828125,723.1778373645941,1091.6125764685398,1259.6923828125,9.500431,-358.6381,193.41782,-7.0099106,34.14855,27.886395,2.941204,-23.99699,-12.9142685,-12.969348,-7.3338723,-0.10944448,-3.4184349,-10.165001,parque.wav,V
2.3000000000000003,0.002251808,0.0369140625,1572.23597069964,1838.1257164085964,2990.9619140625,10.075421,-497.44745,132.01476,-35.69934,44.132263,15.391505,16.187542,0.84747565,13.48701,-8.4929285,-5.228545,1.7894638,11.403742,5.4276705,parque.wav,V
2.4000000000000004,0.049813047,0.02861328125,1166.3520873068824,1653.5398018570163,2396.6455078125,9.612612,-297.15448,143.78767,-8.618555,60.735054,25.560652,-17.811916,-18.76735,1.5312302,-15.801204,-0.89759713,-20.9224,7.163558,8.904863,parque.wav,V
2.5,0.07737745,0.020703125,1184.1405916334604,1796.5322891757355,2510.771484375,9.9539795,-224.7491,138.96786,-2.3732305,49.44024,20.635153,-14.037298,-16.14116,-5.055033,-18.349222,0.5033716,-21.774696,-4.567991,2.4011579,parque.wav,V
2.6,0.047973447,0.0140625,867.2965100893214,1531.3640596192563,1591.3037109375,9.701726,-346.19614,156.68565,8.179007,51.401447,32.25579,12.090056,1.8900254,-7.503273,-19.156387,-5.323853,-10.00711,-7.029227,-12.322593,parque.wav,V
2.7,0.06361911,0.0328125,1155.8242758746278,1555.8759503316985,1959.521484375,8.734222,-302.56284,170.96559,-2.9031081,5.731338,-14.926494,1.2612977,-5.7526617,0.35132676,-15.7896805,-7.86107,-4.652961,12.522686,10.889091,parque.wav,V
2.8000000000000003,0.068091005,0.0294921875,1010.6369304078175,1425.082554535343,1621.4501953125,9.804315,-217.73393,177.80756,-11.664402,11.136371,1.0137596,2.3825638,-21.308344,-8.014762,-24.047617,3.4935112,8.45024,7.217482,-10.0702,parque.wav,V
2.9000000000000004,0.0071579753,0.04453125,1831.743434336239,1979.6863671307776,3225.673828125,8.379601,-388.9156,122.47218,-30.288788,34.16503,16.223995,4.6845465,-8.953743,7.853312,-11.626177,9.168228,-14.387515,15.269809,-6.366422,parque.wav,V
3.0,0.025388068,0.06611328125,1545.0370578791376,1881.2683811904567,2993.115234375,9.220009,-318.82,129.1367,-13.851585,73.54451,28.936558,-18.317604,-21.376043,28.167877,-24.711136,5.1048903,-28.028309,19.587822,-8.035984,parque.wav,V
3.1,0.0030925118,0.0828125,1655.5471127697845,1656.3509168666242,2846.689453125,9.333347,-452.52246,144.00732,-39.541355,44.50132,0.49077272,-15.206968,-15.062572,25.930716,1.9755633,11.580542,3.2314353,13.107089,-7.8660264,parque.wav,V
3.2,0.0017592309,0.0232421875,1032.1852392107353,1716.7010802997606,1892.7685546875,9.873976,-574.0257,157.90186,8.518519,28.540401,1.0154988,19.982456,-11.493818,12.459013,1.1770985,11.392657,0.107271954,11.993086,-0.09186449,parque.wav,V
3.3000000000000003,0.0011777354,0.01796875,1057.2392805093882,1799.575366867058,1933.681640625,10.077566,-607.3785,154.1492,12.367328,24.363726,5.738393,14.95281,-6.150605,12.251846,2.0139422,5.392492,0.63078415,8.084141,6.746999,parque.wav,V
3.4000000000000004,0.0019392291,0.0140625,839.6161193770597,1638.78102029117,1438.41796875,10.091401,-606.22424,159.34091,17.09561,27.752056,14.386749,24.394983,2.141499,14.825613,-1.9728584,2.5041668,0.602389,11.251736,4.6931868,parque.wav,V
3.5,0.0021201873,0.0072265625,1066.0555070908513,1985.3590573250212,2082.2607421875,10.375261,-592.8381,138.73857,28.352886,32.427795,12.470019,20.103722,3.1641908,19.06107,4.8174562,7.2072563,-4.201632,4.7201104,4.0507493,parque.wav,V
3.6,0.006892874,0.022265625,1609.2353443190543,2100.71635989354,3313.9599609375,7.4875183,-419.54633,133.40915,-7.9034743,30.244543,-1.3036997,4.4257784,-3.663205,11.897528,-3.71186,14.143076,-6.3776793,6.97342,-0.6961303,parque.wav,V
3.7,0.0038658679,0.01318359375,1190.785807459443,2067.8326979412755,2680.8837890625,8.520969,-545.9884,133.01593,21.2564,30.349417,7.1191535,17.80878,-1.379343,18.188389,6.596633,13.292654,5.220912,9.404287,5.576373,parque.wav,V
3.8,0.0010380157,0.02607421875,1589.0692752227835,2353.707127147124,4087.001953125,10.167695,-581.99255,125.032364,19.516613,24.934788,3.9360847,21.955973,-11.867623,18.03031,1.9410069,8.658179,-2.913931,2.0815415,-3.3305488,parque.wav,V
3.9,0.0014145795,0.04775390625,1729.0055278820296,2375.1116760520363,4259.267578125,9.6847725,-560.0531,119.49144,20.757452,32.182365,0.062116433,19.40652,-17.574673,14.871073,-7.1850715,12.766078,-2.524591,6.2736945,2.151431,parque.wav,V
4.0,0.0010456393,0.03662109375,1623.6286761428455,2364.830683424026,4173.134765625,9.740307,-597.53754,123.489174,22.955462,23.244503,-3.0083332,23.0023,-5.850484,26.237423,2.8425815,5.7800055,-0.28733388,5.521365,-2.8882535,parque.wav,V
4.1000000000000005,0.0009319652,0.03125,1711.2445515269137,2423.2990115306866,4334.6337890625,9.665598,-583.0226,121.08464,24.922611,27.335367,-2.6063066,13.373815,-7.7105803,17.70937,1.5632138,5.956581,5.4605308,4.057561,-1.4204434,parque.wav,S
4.2,0.008974197,0.009765625,1055.3920985631614,1922.4622836717635,2080.107421875,9.727196,-491.86847,142.08139,27.34194,32.16985,-0.9618851,17.746805,-2.9911625,24.2445,8.87837,9.068964,2.58713,11.378041,2.1446455,parque.wav,V
4.3,0.0021516532,0.0197265625,1953.7517936492357,2507.9232053453597,4709.3115234375,10.526457,-527.81335,94.22267,-0.22820053,36.0281,9.454271,33.61566,7.2894554,17.64851,-0.548344,10.969093,3.7203422,10.26893,-0.91526526,parque.wav,V
4.4,0.0011206329,0.02509765625,1661.9040462266926,2409.966376427988,4224.814453125,10.213489,-591.481,111.585556,19.605824,38.46914,4.126737,23.408222,-1.0939182,13.850412,0.41905212,9.37591,-1.0386723,5.38696,3.1465127,parque.wav,V
4.5,0.006540752,0.005859375,892.654147859001,1734.2028122577726,1602.0703125,7.9736385,-558.29333,154.72005,24.557308,19.861273,1.2815942,16.729767,8.748198,16.023443,3.8260353,5.033345,10.94698,10.265923,9.611173,parque.wav,V
